Qty,Reference(s),Value,Footprint,Datasheet
2,"C1, C2",0.1uF,Resistor_SMD:R_0603_1608Metric_Pad1.05x0.95mm_HandSolder,~
1,C3,10uF,Resistor_SMD:R_1206_3216Metric_Pad1.42x1.75mm_HandSolder,~
6,"D1, D2, D3, D4, D5, D6",LED,LED_SMD:LED_0805_2012Metric,~
3,"FID1, FID2, FID3",Fiducial,Fiducial:Fiducial_0.75mm_Mask1.5mm,~
2,"H1, H2",MountingHole,MountingHole:MountingHole_2.1mm,~
1,Q2,BSS138,Package_TO_SOT_SMD:SOT-23,https://www.onsemi.com/pub/Collateral/BSS138-D.PDF
6,"R2, R3, R4, R5, R7, R8",499,Resistor_SMD:R_0603_1608Metric_Pad1.05x0.95mm_HandSolder,~
2,"R6, R9",4.99k,Resistor_SMD:R_0603_1608Metric_Pad1.05x0.95mm_HandSolder,~
1,U1,DNP,RF_Module:photon_tht,
